text,label
"Hello, your monthly electricity bill is ready. Please log in to the official portal to view your bill.",0
"Hi team, the meeting has been moved to 3 PM today. Please join using the usual meeting link.",0
"Your Amazon order has been shipped and will arrive tomorrow. Track it from your Amazon account.",0
"Dear student, your examination timetable has been uploaded to the college portal.",0
"Your bank statement for this month is now available. Please check your official banking application.",0
"Thank you for your purchase. Your payment has been successfully received.",0
"Please find attached the project report for tomorrow's presentation.",0
"Your Google Drive storage report is available. Review your account settings if needed.",0
"Reminder: your library books are due next Monday. Please return them on time.",0
"Your appointment is confirmed for tomorrow at 10 AM. Please arrive 15 minutes early.",0
"Your electricity bill for this month is available in your customer account.",0
"Your flight booking has been confirmed. Please check your itinerary for travel details.",0
"Your hotel reservation is confirmed for Saturday. We look forward to your visit.",0
"Your college assignment submission deadline is Friday at 5 PM.",0
"Your monthly mobile data usage report is now available.",0
"Your order has been delivered successfully. Thank you for shopping with us.",0
"Your insurance policy document is available in your official account.",0
"The meeting agenda for tomorrow has been shared with all participants.",0
"Your library membership has been renewed successfully.",0
"Your exam registration has been completed successfully.",0
"Your train ticket booking is confirmed. Please carry a valid identification document.",0
"Your subscription renewal was completed successfully.",0
"Please review the minutes from today's department meeting.",0
"Your university fee receipt is available in the student portal.",0
"Your package is scheduled for delivery tomorrow afternoon.",0
"Your salary statement for this month is available in the employee portal.",0
"Your application has been received and is currently under review.",0
"Your appointment with the service center is confirmed for Monday.",0
"Your course completion certificate is ready to download from the official portal.",0
"Your electricity payment was received successfully. Thank you.",0
"Your grocery order is being prepared and will be delivered soon.",0
"Please find the updated project schedule attached to this email.",0
"Your attendance report for this semester is available on the college portal.",0
"Your device warranty registration has been completed successfully.",0
"Your payment receipt is available in your account.",0
"The department has published the schedule for next week's presentations.",0
"Your request for a new library card has been approved.",0
"Your travel insurance document is available for your records.",0
"Your online course enrollment has been confirmed.",0
"Your customer support ticket has been created successfully.",0
"Your annual account statement is available through the official website.",0
"Your order has been packed and is ready for dispatch.",0
"Your scholarship application has been received by the university.",0
"Your appointment reminder for tomorrow has been scheduled.",0
"Your software subscription is active until the end of the current billing period.",0
"Your bank has generated your monthly account statement. Please review it through the official application.",0
"Your project presentation has been scheduled for Wednesday morning.",0
"Your package tracking information has been updated in your account.",0
"Your course timetable has been updated on the student portal.",0
"Thank you for contacting customer support. Your request is being processed.",0
"URGENT! Your bank account has been suspended. Verify your password and OTP immediately using this link.",1
"Congratulations! You have won a cash prize of 50000. Click here to claim your reward now.",1
"Your account will be permanently blocked within 24 hours unless you verify your login credentials immediately.",1
"FINAL WARNING! Your payment failed. Enter your credit card number and OTP to receive your refund.",1
"Dear customer, your account has unusual activity. Confirm your password and PIN immediately.",1
"You have been selected as a lucky winner. Send your bank details to claim your free gift.",1
"Your email storage is full. Verify your account password now or your account will be deleted.",1
"URGENT ACTION REQUIRED: Your package cannot be delivered. Pay the small fee using the attached link.",1
"Your tax refund is waiting. Click the link and provide your banking information to receive the money.",1
"Security alert! Your account will be closed today. Login immediately to prevent suspension.",1
"Your bank account will be blocked unless you confirm your password immediately.",1
"You are the winner of a special cash reward. Send your card details to receive the money.",1
"Important! Your account has been compromised. Verify your OTP and password using this link.",1
"Your payment was rejected. Enter your credit card and PIN to process the refund.",1
"FINAL NOTICE! Your account will be deleted unless you verify your identity within 24 hours.",1
"Congratulations, you have won a free smartphone. Click the link to claim your prize.",1
"Your package is being held. Pay a small delivery fee immediately using the attached link.",1
"URGENT: Confirm your banking information to prevent your account from being suspended.",1
"You have received a surprise reward. Provide your bank details to claim it now.",1
"Your online banking access has been locked. Enter your password and OTP to restore access.",1
"Warning! Your account will be permanently closed today unless you complete verification.",1
"Congratulations! Your email address has won a lottery reward. Claim your cash prize immediately.",1
"Your refund cannot be processed until you provide your credit card number and OTP.",1
"Your account has suspicious activity. Click this link and verify your login credentials now.",1
"URGENT PAYMENT ALERT! Pay the outstanding amount immediately or legal action may follow.",1
"Your tax refund has been approved. Enter your bank details to receive the money immediately.",1
"FINAL WARNING: Your mobile account will be blocked unless you verify your password.",1
"You have been chosen for a free gift. Pay a small processing fee to claim your reward.",1
"Your bank security system detected unusual activity. Confirm your PIN immediately.",1
"Congratulations! You are today's lucky winner. Submit your banking information to receive your prize.",1
"Your account verification has expired. Login immediately and provide your password to avoid suspension.",1
"URGENT! Your credit card has been temporarily blocked. Verify your card details and OTP now.",1
"Your delivery is on hold because of an unpaid fee. Click here and make the payment immediately.",1
"You have won a cash bonus. Confirm your bank account details to receive the money.",1
"Your account will be deleted within 24 hours. Verify your identity through the attached link.",1
"Security warning! Your password has expired. Enter your old password and OTP to continue.",1
"Your refund is ready. Provide your card number and banking details to receive it.",1
"FINAL ALERT! Your account has been suspended. Click the link to restore access immediately.",1
"Congratulations! Claim your free reward by entering your bank information on this page.",1
"URGENT: Your payment account requires verification. Submit your password and PIN now.",1
"Your parcel could not be delivered. Pay the required fee through this link within 24 hours.",1
"Your lottery prize is waiting. Send your bank details and OTP to claim the reward.",1
"Your account security check failed. Verify your login credentials immediately to avoid closure.",1
"Important notice! Your banking service will be suspended unless you confirm your account now.",1
"Your official course registration has been successfully recorded. Please keep this email for your records.",0
"Your electricity service request has been completed. You can view the details in your official account.",0
"Your bank appointment has been scheduled. Please visit the branch at the confirmed time.",0
"URGENT! Your account has been selected for verification. Enter your password and OTP immediately.",1
"Congratulations! You have won a special reward. Provide your bank details to claim the prize.",1
"FINAL WARNING! Your payment account will be suspended unless you verify your card information now.",1